[
    {
        "display_name": "Dashboard",
        "route": "/",
        "icon": "bx bx-category-alt"
    },
    {
        "display_name": "Customers",
        "route": "/customers",
        "icon": "bx bx-user-pin"
    },
    {
        "display_name": "Create Customer",
        "route": "/create-customers",
        "icon": "bi bi-person-add"
    },
    {
        "display_name": "Products",
        "route": "/products",
        "icon": "bx bx-package"
    },
    {
        "display_name": "Orders",
        "route": "/orders",
        "icon": "bx bx-cart"
    },
    {
        "display_name": "Analytics",
        "route": "/analytics",
        "icon": "bx bx-bar-chart-alt"
    },
    {
        "display_name": "categories",
        "route": "/categories",
        "icon": "bx bx-list-ol"
    },
    {
        "display_name": "discount",
        "route": "/discount",
        "icon": "bx bx-gift"
    },
    {
        "display_name": "inventory",
        "route": "/inventory",
        "icon": "bx bx-store-alt"
    },
    {
        "display_name": "settings",
        "route": "/settings",
        "icon": "bx bx-cog"
    }
]